status,source_site,source_title_reference,resource_name,slug,category,rarity_reason,why_zhishare_should_cover,target_reader,not_for,risk_level,risk_notes,official_source_status,first_hand_status,rewrite_angle,article_title_draft,social_hook_draft,test_task,what_to_verify,privacy_notes,copyright_notes,geo_summary,discussion_hook,publish_priority,editor_notes
draft,ahhhhfs,Privacy Filter???????????? AI ????????,Privacy Filter,privacy-filter,?????,???? AI ????? AI ??????????????????,????? AI ???????????????????? AI ?????,?????????????? Prompt ?? AI ???,??????? DLP ???,medium,????????????????????????????????,pending,pending,????????????? AI ???????????????????????,???????? AI ???????????????,??? AI ????????????????????????????????,???????????????????API Key ???????????????,???????????????????????????,?????????????????????????????,????????????????????????????,Privacy Filter ??? AI ?????????????????????????????,???????????????? AI???????????????,P0,?????????????????????????
draft,ahhhhfs,DropLock?????????????????????????? API Key,DropLock,droplock,?????,?????????? API Key??????????????,??????????????????,???????????????????,???????????????,medium,?????????????????????????????,pending,pending,?????????? API Key ???????????????????????,?????????? API Key ????????????????,?????????????????????????????,?? API Key ????????????????????????????,??????????????????????????,????? API Key ???????????,????????????????????,DropLock ???????????????????????????,??????????????????????????,P0,???????????????
draft,ahhhhfs,OpenLess?????????????????? AI Prompt,OpenLess,openless,AI ????,???? AI ????????????????????????,???? zhishare ??????????????????????? Prompt?,??? ChatGPT?Claude?Cursor?????????????,????????????????????,medium,???????????Prompt ????????????????,pending,pending,?????? AI????????????????????????,?????? AI?????? Prompt ?????????,???????? AI??????????????,????????????????????????????????? Prompt?,?????????????????????????,????????????????????,?????????????????????,OpenLess ???????????? Prompt ????????????????,????? AI ???????????????????????,P0,?????? prompt ??????
draft,ahhhhfs,Recordly?????????????????????????,Recordly,recordly,??????,? OBS ?????????????????????????,zhishare ?????????????????????????,???????????README ??????,?????????????????,low,????????????????????????,pending,pending,????? 3 ?????????????? OBS?????????,????????????????? OBS ??????,OBS ??????????????????????????,?? 3 ?? zhishare ?????????????????????????,???????????????????????,???????????????????????,??????????????????,Recordly ???????????????????? OBS ??????????,????????????????????????????????,P0,????????????
draft,ahhhhfs,PlainApp??? AirDroid ?????????????,PlainApp,plainapp,Android ??????,???????????????????????????,????????????????????,???????????????????????,????????????????????,high,????????????????????????????,pending,pending,???????????????????????????????,?????????????? AirDroid ???????????,???????????????????????????????,???? Wi-Fi ?????????????????????????????,??????????????????????????,??????????????????????????,????????????????,PlainApp ?????????????????????????????????,????????????????????????,P0,?????????????????????
draft,ahhhhfs,ImportYeti???????????????????????????,ImportYeti,importyeti,???????,????????? AI ???????????????,??? zhishare ????????????,????????????????,???? B ????????????,medium,???????????????????????,pending,pending,??????????????????????????????????,?????????????????????????????,????????????????????????,??????????????????????????????,???????????????????????,?????????????????,???????????????,ImportYeti ???????????????????????????,?????????????????????????,P1,???????????
draft,ahhhhfs,Pinkbin????????????????????????,Pinkbin,pinkbin,?????????,??????????????????????????,??? zhishare ?????????????,????????????????,???????????????????,high,??????????????????????????,pending,pending,????????????????????????????????,????????????????????????????,?????????????????????????????????????????,????????????????????????????????,??????????????????????,?????????????????????????,???????????????????,Pinkbin ??????????????????????????????????,???????????????????????????,P1,?????????????
draft,ahhhhfs,WinLens?Windows ??????????????????????,WinLens,winlens,Windows ????,????????? AI???????????????,???? Windows ???????????????,?????????????????,???? Windows ?????,medium,?????????????????????,pending,pending,????????????????????????????,????????????? Windows ????????????,????????????????????????????,???????????????????????????,????????????????????,????????????????????,?????????????????,WinLens ???? Windows ?????????????????????,???????????????,P2,???? Windows ???????
draft,ahhhhfs,isUpMap??????????????????????????,isUpMap,isupmap,?????,???? AI ?????????????????,?? zhishare ??????????????,???????????????????,???????????????????,medium,????????????????????????,pending,pending,?????????????????????????????,?????????????????????????,????????????????????????????????,?? GitHub?Vercel?Supabase?Cloudflare ????????????????,????????????????????????,?????????????????,?????????????,isUpMap ??????????????????????????????????,??????????????????????????,P1,??????????
draft,ahhhhfs,Media Compress Hub?????????????????GIF ????,Media Compress Hub / tools.video,local-video-compress-tools,????????,????????????????????????????,??????B ???????????????,????????????????????????,????????????????,medium,????????????????????????????,pending,pending,??????????????????????????????,???????????????????????,????????????????????????,???????????????????????CPU ????????,???????????????????????,??????????????,?????????????????,???????????????????????????????,??????????????????????????,P1,???????????
draft,ahhhhfs,Mac Sai?CleanMyMac ??????????? Mac ????,Mac Sai,mac-sai,macOS ????,????????????????????????,????????????????????,Mac ?????????????,???????????????,high,?????????????????????????,pending,pending,?????????????????????????,???? Mac ????????????????????,?????????????????????????,?????????????????????????????,????????????????????????,???????????????????????,????????,Mac Sai ????? Mac ???????????????????,???????????????????????????????,P2,?????????????
draft,ahhhhfs,Everywhere??????? AI ??????????????,Everywhere,everywhere-screen-ai,?? AI ??,???? AI ????????????????????,??? AI ???????????,??????PDF?????????? AI ???,??????????????????,high,???????????????????OCR?????????,pending,pending,???????? AI ??????????????????????,???? AI ???????????????,??????? AI ??????????????????,???????? PDF???????????????????????????,?????????????????????????,????????????????????????,???????? PDF ????????,Everywhere ??????? AI ????????????????????,???? AI ?????????????????????????????,P2,?????????
draft,ahhhhfs,OpenBidKit ????? AI ???????????????????,OpenBidKit ??,openbidkit,AI ???????,AI ???????????????????,????????????? AI ?????,?????????????????,??????????????,high,?????????????????????????????,pending,pending,AI ?????????????????????????,AI ????????????????????????,???????AI ??????????,????????????????????????????,?????????????????????????,????????????????????????,????????????????,OpenBidKit ??? AI ???????????????????????,???????????????????????????,P2,?????????
draft,ahhhhfs,FinSight-AI??? AI ??????? pgvector RAG ?????,FinSight-AI,finsight-ai,AI ??? RAG,AI ?? + ???????????????????????,???????????????,?? RAG????????????????,???????????????,high,???????????????????,pending,pending,AI ?????????????????????????????,AI ??????????????????????,?? AI ??????????????????????,??????????????????????????,??????????RAG ????????????,?????????????????,?????????????????,FinSight-AI ???? AI ????????????????????,?? AI ?????????????????????????,P2,?????????
draft,ahhhhfs,???????? PDF ??????????????????,???,invoice-pdf-merge-tool,????? PDF ??,?? PDF ????????????????,??????????????????????,?????? PDF ?????????????????,??????????????,medium,???????????????????????,pending,pending,??????? PDF????????????????????,??????? PDF????????????????????,?????????????????????,?????? PDF ????????????????????,?????????????????????,????????????????,?????? PDF?????????,????????????????????????????????,??????????????????????????? PDF?,P2,?????????
