status,name,slug,category,tags,short_description,long_description,use_cases,target_users,not_for,pricing,difficulty,official_url,alternatives,pros,cons,privacy_notes,copyright_notes,source_notes,first_hand_status,test_scenario,what_worked,what_failed,final_verdict,trust_level,geo_summary,discussion_hook,cover_image_prompt,editor_notes
draft,ChatGPT,chatgpt,AI 工具,"小白友好,AI 写作,资料整理,需要账号",ChatGPT 是一个用于对话、写作和资料整理的 AI 助手，适合新手用来快速整理思路。,这是一个待实测的 AI 助手条目。它适合写初稿、改写文本、整理资料和辅助学习，但具体免费额度、模型差异和隐私边界需要后续人工核验。,写文章初稿；整理资料；翻译润色；生成代码思路,学生；自媒体；办公用户；开发者,需要严格事实校验的场景；不能上传敏感资料的场景,待核验,零基础,待核验,Claude；Gemini；Perplexity,待实测后补充真实优点,待实测后补充真实缺点,使用前需确认是否会上传文本、图片、文件、代码或个人数据；敏感内容不建议直接提交给第三方服务。,涉及图片、视频、音乐、模板、字体或生成内容时，商用前必须核验授权条款。,待人工核验官网与文档,待实测,待补充真实测试场景,待实测后补充,待实测后补充,暂不下最终推荐结论,草稿,这是一个待实测的 ChatGPT 工具条目，当前只完成基础信息整理，暂不做最终推荐。,你用过 ChatGPT 吗？最劝退你的地方是什么？,"warm dark editorial website card illustration for ChatGPT, abstract productivity tool scene, no real logo, no official brand imitation",首批种子工具草稿，禁止直接发布，需人工核验和真实测试后再进入 ready 状态
draft,Claude,claude,AI 工具,"AI 写作,长文本,需要账号,待核验",Claude 是一个偏长文本处理和对话辅助的 AI 工具，适合用来整理材料和改写内容。,这是一个待实测的 AI 助手条目。它可能适合长文本阅读、总结和写作辅助，但可用地区、价格和上传内容边界需要人工核验。,长文总结；内容改写；资料分析；提纲整理,写作者；研究型用户；内容运营者,需要确定性事实答案的场景；不能上传隐私资料的场景,待核验,入门,待核验,ChatGPT；Gemini；Perplexity,待实测后补充真实优点,待实测后补充真实缺点,使用前需确认是否会上传文本、图片、文件、代码或个人数据；敏感内容不建议直接提交给第三方服务。,涉及图片、视频、音乐、模板、字体或生成内容时，商用前必须核验授权条款。,待人工核验官网与文档,待实测,待补充真实测试场景,待实测后补充,待实测后补充,暂不下最终推荐结论,草稿,这是一个待实测的 Claude 工具条目，当前只完成基础信息整理，暂不做最终推荐。,你用过 Claude 吗？最劝退你的地方是什么？,"warm dark editorial website card illustration for Claude, abstract productivity tool scene, no real logo, no official brand imitation",首批种子工具草稿，禁止直接发布，需人工核验和真实测试后再进入 ready 状态
draft,Gemini,gemini,AI 工具,"AI 助手,Google,多模态,待核验",Gemini 是一个 AI 助手工具，适合用来处理问答、资料整理和多模态任务。,这是一个待实测的 AI 助手条目。它和 Google 生态可能结合更紧，但具体功能、地区限制和免费额度需要人工核验。,问答；资料整理；图片理解；文本生成,Google 生态用户；学生；办公用户,不适合完全依赖其输出做高风险判断,待核验,入门,待核验,ChatGPT；Claude；Perplexity,待实测后补充真实优点,待实测后补充真实缺点,使用前需确认是否会上传文本、图片、文件、代码或个人数据；敏感内容不建议直接提交给第三方服务。,涉及图片、视频、音乐、模板、字体或生成内容时，商用前必须核验授权条款。,待人工核验官网与文档,待实测,待补充真实测试场景,待实测后补充,待实测后补充,暂不下最终推荐结论,草稿,这是一个待实测的 Gemini 工具条目，当前只完成基础信息整理，暂不做最终推荐。,你用过 Gemini 吗？最劝退你的地方是什么？,"warm dark editorial website card illustration for Gemini, abstract productivity tool scene, no real logo, no official brand imitation",首批种子工具草稿，禁止直接发布，需人工核验和真实测试后再进入 ready 状态
draft,Perplexity,perplexity,AI 工具,"AI 搜索,资料检索,引用来源,需要账号",Perplexity 是一个偏 AI 搜索和资料检索的工具，适合用来快速找资料和看来源。,这是一个待实测的 AI 搜索工具条目。它适合做资料起点，但引用准确性、来源质量和高级功能价格需要人工核验。,资料检索；问题调研；来源追踪；选题准备,研究型用户；内容创作者；学生,不适合不核验来源就直接引用的场景,待核验,入门,待核验,ChatGPT；Gemini；Google Search,待实测后补充真实优点,待实测后补充真实缺点,使用前需确认是否会上传文本、图片、文件、代码或个人数据；敏感内容不建议直接提交给第三方服务。,涉及图片、视频、音乐、模板、字体或生成内容时，商用前必须核验授权条款。,待人工核验官网与文档,待实测,待补充真实测试场景,待实测后补充,待实测后补充,暂不下最终推荐结论,草稿,这是一个待实测的 Perplexity 工具条目，当前只完成基础信息整理，暂不做最终推荐。,你用过 Perplexity 吗？最劝退你的地方是什么？,"warm dark editorial website card illustration for Perplexity, abstract productivity tool scene, no real logo, no official brand imitation",首批种子工具草稿，禁止直接发布，需人工核验和真实测试后再进入 ready 状态
draft,Poe,poe,AI 工具,"AI 聚合,多模型,需要账号,待核验",Poe 是一个 AI 模型聚合平台，适合想集中尝试多个 AI 助手的用户。,这是一个待实测的 AI 聚合平台条目。它可能适合对比不同模型回答，但可用模型、额度和订阅规则需要人工核验。,模型对比；多 AI 尝试；写作辅助；问答,AI 工具爱好者；内容创作者；学生,不适合只想长期固定使用单一工具的人,待核验,入门,待核验,ChatGPT；Claude；Gemini,待实测后补充真实优点,待实测后补充真实缺点,使用前需确认是否会上传文本、图片、文件、代码或个人数据；敏感内容不建议直接提交给第三方服务。,涉及图片、视频、音乐、模板、字体或生成内容时，商用前必须核验授权条款。,待人工核验官网与文档,待实测,待补充真实测试场景,待实测后补充,待实测后补充,暂不下最终推荐结论,草稿,这是一个待实测的 Poe 工具条目，当前只完成基础信息整理，暂不做最终推荐。,你用过 Poe 吗？最劝退你的地方是什么？,"warm dark editorial website card illustration for Poe, abstract productivity tool scene, no real logo, no official brand imitation",首批种子工具草稿，禁止直接发布，需人工核验和真实测试后再进入 ready 状态
draft,Cursor,cursor,AI 编程与开发,"AI 编程,开发者,需要英文,需要账号",Cursor 是一个面向编程场景的 AI 编辑器，适合用来辅助理解、修改和生成代码。,这是一个待实测的 AI 编程工具条目。它适合代码辅助和项目改造，但对小白是否友好、免费额度和误改风险需要真实项目测试。,代码生成；代码解释；项目重构；错误排查,开发者；独立开发者；AI 编程学习者,完全不会看代码且无人复核的项目,待核验,进阶,待核验,VS Code；GitHub Copilot；Windsurf,待实测后补充真实优点,待实测后补充真实缺点,使用前需确认是否会上传文本、图片、文件、代码或个人数据；敏感内容不建议直接提交给第三方服务。,涉及图片、视频、音乐、模板、字体或生成内容时，商用前必须核验授权条款。,待人工核验官网与文档,待实测,待补充真实测试场景,待实测后补充,待实测后补充,暂不下最终推荐结论,草稿,这是一个待实测的 Cursor 工具条目，当前只完成基础信息整理，暂不做最终推荐。,你用过 Cursor 吗？最劝退你的地方是什么？,"warm dark editorial website card illustration for Cursor, abstract productivity tool scene, no real logo, no official brand imitation",首批种子工具草稿，禁止直接发布，需人工核验和真实测试后再进入 ready 状态
draft,VS Code,vs-code,AI 编程与开发,"代码编辑器,免费,开发者,插件生态",VS Code 是一个常用代码编辑器，适合开发者和编程新手搭建自己的开发环境。,这是一个待实测的开发工具条目。它适合写代码、装插件和管理项目，但新手可能会卡在环境配置和插件选择上。,代码编辑；插件扩展；项目开发；调试,开发者；编程新手；独立开发者,只想无配置完成任务的非技术用户,待核验,入门,待核验,Cursor；JetBrains IDE；Sublime Text,待实测后补充真实优点,待实测后补充真实缺点,使用前需确认是否会上传文本、图片、文件、代码或个人数据；敏感内容不建议直接提交给第三方服务。,涉及图片、视频、音乐、模板、字体或生成内容时，商用前必须核验授权条款。,待人工核验官网与文档,待实测,待补充真实测试场景,待实测后补充,待实测后补充,暂不下最终推荐结论,草稿,这是一个待实测的 VS Code 工具条目，当前只完成基础信息整理，暂不做最终推荐。,你用过 VS Code 吗？最劝退你的地方是什么？,"warm dark editorial website card illustration for VS Code, abstract productivity tool scene, no real logo, no official brand imitation",首批种子工具草稿，禁止直接发布，需人工核验和真实测试后再进入 ready 状态
draft,GitHub,github,AI 编程与开发,"代码托管,开源,协作,开发者",GitHub 是一个代码托管和协作平台，适合开发者管理项目、版本和开源代码。,这是一个待实测的平台条目。它适合代码托管和协作，但新手需要理解 Git、仓库、分支和权限概念。,代码托管；版本管理；开源协作；Issue 管理,开发者；开源项目维护者；独立开发者,不接触代码和版本管理的普通用户,待核验,入门,待核验,GitLab；Gitee；Bitbucket,待实测后补充真实优点,待实测后补充真实缺点,使用前需确认是否会上传文本、图片、文件、代码或个人数据；敏感内容不建议直接提交给第三方服务。,涉及图片、视频、音乐、模板、字体或生成内容时，商用前必须核验授权条款。,待人工核验官网与文档,待实测,待补充真实测试场景,待实测后补充,待实测后补充,暂不下最终推荐结论,草稿,这是一个待实测的 GitHub 工具条目，当前只完成基础信息整理，暂不做最终推荐。,你用过 GitHub 吗？最劝退你的地方是什么？,"warm dark editorial website card illustration for GitHub, abstract productivity tool scene, no real logo, no official brand imitation",首批种子工具草稿，禁止直接发布，需人工核验和真实测试后再进入 ready 状态
draft,Vercel,vercel,AI 编程与开发,"部署,前端,Next.js,开发者",Vercel 是一个前端部署平台，适合开发者快速部署 Next.js 和静态网站。,这是一个待实测的部署平台条目。它适合前端项目快速上线，但构建额度、绑定域名和环境变量安全需要人工核验。,前端部署；Next.js 发布；预览环境；域名绑定,前端开发者；独立开发者；小型项目团队,不懂构建和环境变量的新手需要谨慎,待核验,入门,待核验,Netlify；Cloudflare Pages；Render,待实测后补充真实优点,待实测后补充真实缺点,使用前需确认是否会上传文本、图片、文件、代码或个人数据；敏感内容不建议直接提交给第三方服务。,涉及图片、视频、音乐、模板、字体或生成内容时，商用前必须核验授权条款。,待人工核验官网与文档,待实测,待补充真实测试场景,待实测后补充,待实测后补充,暂不下最终推荐结论,草稿,这是一个待实测的 Vercel 工具条目，当前只完成基础信息整理，暂不做最终推荐。,你用过 Vercel 吗？最劝退你的地方是什么？,"warm dark editorial website card illustration for Vercel, abstract productivity tool scene, no real logo, no official brand imitation",首批种子工具草稿，禁止直接发布，需人工核验和真实测试后再进入 ready 状态
draft,Supabase,supabase,AI 编程与开发,"数据库,后端服务,开源,开发者",Supabase 是一个后端服务平台，适合开发者快速搭建数据库、认证和存储能力。,这是一个待实测的后端平台条目。它适合小项目快速启动，但权限策略、费用和数据安全需要认真核验。,数据库；认证；文件存储；快速后端,开发者；独立开发者；SaaS 原型项目,完全不懂数据库权限的用户需要谨慎,待核验,进阶,待核验,Firebase；Neon；PlanetScale,待实测后补充真实优点,待实测后补充真实缺点,使用前需确认是否会上传文本、图片、文件、代码或个人数据；敏感内容不建议直接提交给第三方服务。,涉及图片、视频、音乐、模板、字体或生成内容时，商用前必须核验授权条款。,待人工核验官网与文档,待实测,待补充真实测试场景,待实测后补充,待实测后补充,暂不下最终推荐结论,草稿,这是一个待实测的 Supabase 工具条目，当前只完成基础信息整理，暂不做最终推荐。,你用过 Supabase 吗？最劝退你的地方是什么？,"warm dark editorial website card illustration for Supabase, abstract productivity tool scene, no real logo, no official brand imitation",首批种子工具草稿，禁止直接发布，需人工核验和真实测试后再进入 ready 状态
draft,Figma,figma,设计与图片,"设计工具,协作,UI 设计,需要账号",Figma 是一个在线设计协作工具，适合设计师和产品团队制作界面原型。,这是一个待实测的设计工具条目。它适合 UI 设计和团队协作，但免费额度、协作限制和文件权限需要人工核验。,UI 设计；原型制作；团队协作；设计交付,设计师；产品经理；前端开发者,只想快速套模板做海报的用户可能更适合 Canva,待核验,入门,待核验,Canva；Sketch；Adobe XD,待实测后补充真实优点,待实测后补充真实缺点,使用前需确认是否会上传文本、图片、文件、代码或个人数据；敏感内容不建议直接提交给第三方服务。,涉及图片、视频、音乐、模板、字体或生成内容时，商用前必须核验授权条款。,待人工核验官网与文档,待实测,待补充真实测试场景,待实测后补充,待实测后补充,暂不下最终推荐结论,草稿,这是一个待实测的 Figma 工具条目，当前只完成基础信息整理，暂不做最终推荐。,你用过 Figma 吗？最劝退你的地方是什么？,"warm dark editorial website card illustration for Figma, abstract productivity tool scene, no real logo, no official brand imitation",首批种子工具草稿，禁止直接发布，需人工核验和真实测试后再进入 ready 状态
draft,Canva,canva,设计与图片,"设计工具,模板,小白友好,图片制作",Canva 是一个模板化设计工具，适合设计小白快速制作海报、封面和社媒图片。,这是一个待实测的设计工具条目。它适合快速出图，但商用授权、素材版权和付费模板规则需要人工核验。,海报制作；封面图；社媒配图；简历模板,自媒体；运营；设计小白；小商家,需要高度定制专业 UI 的设计师可能不适合,待核验,零基础,待核验,Figma；Photopea；Adobe Express,待实测后补充真实优点,待实测后补充真实缺点,使用前需确认是否会上传文本、图片、文件、代码或个人数据；敏感内容不建议直接提交给第三方服务。,涉及图片、视频、音乐、模板、字体或生成内容时，商用前必须核验授权条款。,待人工核验官网与文档,待实测,待补充真实测试场景,待实测后补充,待实测后补充,暂不下最终推荐结论,草稿,这是一个待实测的 Canva 工具条目，当前只完成基础信息整理，暂不做最终推荐。,你用过 Canva 吗？最劝退你的地方是什么？,"warm dark editorial website card illustration for Canva, abstract productivity tool scene, no real logo, no official brand imitation",首批种子工具草稿，禁止直接发布，需人工核验和真实测试后再进入 ready 状态
draft,Photopea,photopea,设计与图片,"图片编辑,在线工具,设计,待核验",Photopea 是一个在线图片编辑工具，适合临时处理 PSD、图片修图和简单设计。,这是一个待实测的图片编辑工具条目。它适合不想安装大型软件的用户，但广告、性能和文件隐私需要人工核验。,图片编辑；PSD 打开；简单修图；格式转换,设计师；运营；临时修图用户,需要长期高强度专业修图的人,待核验,入门,待核验,Photoshop；Canva；GIMP,待实测后补充真实优点,待实测后补充真实缺点,使用前需确认是否会上传文本、图片、文件、代码或个人数据；敏感内容不建议直接提交给第三方服务。,涉及图片、视频、音乐、模板、字体或生成内容时，商用前必须核验授权条款。,待人工核验官网与文档,待实测,待补充真实测试场景,待实测后补充,待实测后补充,暂不下最终推荐结论,草稿,这是一个待实测的 Photopea 工具条目，当前只完成基础信息整理，暂不做最终推荐。,你用过 Photopea 吗？最劝退你的地方是什么？,"warm dark editorial website card illustration for Photopea, abstract productivity tool scene, no real logo, no official brand imitation",首批种子工具草稿，禁止直接发布，需人工核验和真实测试后再进入 ready 状态
draft,remove.bg,remove-bg,设计与图片,"抠图,图片工具,小白友好,待核验",remove.bg 是一个在线抠图工具，适合小白快速去除图片背景。,这是一个待实测的抠图工具条目。它适合快速处理头像、商品图和素材图，但高清下载、版权和隐私规则需要人工核验。,人像抠图；商品图处理；封面素材；背景移除,自媒体；电商卖家；设计小白,需要复杂精修和批量商用授权的场景,待核验,零基础,待核验,Canva；Photopea；Clipdrop,待实测后补充真实优点,待实测后补充真实缺点,使用前需确认是否会上传文本、图片、文件、代码或个人数据；敏感内容不建议直接提交给第三方服务。,涉及图片、视频、音乐、模板、字体或生成内容时，商用前必须核验授权条款。,待人工核验官网与文档,待实测,待补充真实测试场景,待实测后补充,待实测后补充,暂不下最终推荐结论,草稿,这是一个待实测的 remove.bg 工具条目，当前只完成基础信息整理，暂不做最终推荐。,你用过 remove.bg 吗？最劝退你的地方是什么？,"warm dark editorial website card illustration for remove.bg, abstract productivity tool scene, no real logo, no official brand imitation",首批种子工具草稿，禁止直接发布，需人工核验和真实测试后再进入 ready 状态
draft,TinyPNG,tinypng,设计与图片,"图片压缩,在线工具,网站优化,小白友好",TinyPNG 是一个图片压缩工具，适合网站运营者和自媒体减少图片体积。,这是一个待实测的图片压缩工具条目。它适合压缩 PNG 和 JPG，但压缩质量、批量限制和隐私边界需要人工核验。,图片压缩；网站提速；上传前压缩；素材整理,站长；自媒体；设计师；运营,需要完全无损压缩或处理敏感图片的场景,待核验,零基础,待核验,Squoosh；ImageOptim；ShortPixel,待实测后补充真实优点,待实测后补充真实缺点,使用前需确认是否会上传文本、图片、文件、代码或个人数据；敏感内容不建议直接提交给第三方服务。,涉及图片、视频、音乐、模板、字体或生成内容时，商用前必须核验授权条款。,待人工核验官网与文档,待实测,待补充真实测试场景,待实测后补充,待实测后补充,暂不下最终推荐结论,草稿,这是一个待实测的 TinyPNG 工具条目，当前只完成基础信息整理，暂不做最终推荐。,你用过 TinyPNG 吗？最劝退你的地方是什么？,"warm dark editorial website card illustration for TinyPNG, abstract productivity tool scene, no real logo, no official brand imitation",首批种子工具草稿，禁止直接发布，需人工核验和真实测试后再进入 ready 状态
draft,Notion,notion,文档与效率,"笔记,项目管理,模板,需要账号",Notion 是一个文档和知识管理工具，适合个人和团队整理笔记、项目和资料。,这是一个待实测的效率工具条目。它适合搭建知识库和项目面板，但新手可能会卡在模板、结构和迁移成本上。,笔记管理；项目管理；知识库；团队文档,学生；运营；团队；知识管理用户,喜欢纯本地文件和极简笔记的人可能不适合,待核验,入门,待核验,Obsidian；AppFlowy；Coda,待实测后补充真实优点,待实测后补充真实缺点,使用前需确认是否会上传文本、图片、文件、代码或个人数据；敏感内容不建议直接提交给第三方服务。,涉及图片、视频、音乐、模板、字体或生成内容时，商用前必须核验授权条款。,待人工核验官网与文档,待实测,待补充真实测试场景,待实测后补充,待实测后补充,暂不下最终推荐结论,草稿,这是一个待实测的 Notion 工具条目，当前只完成基础信息整理，暂不做最终推荐。,你用过 Notion 吗？最劝退你的地方是什么？,"warm dark editorial website card illustration for Notion, abstract productivity tool scene, no real logo, no official brand imitation",首批种子工具草稿，禁止直接发布，需人工核验和真实测试后再进入 ready 状态
draft,Obsidian,obsidian,文档与效率,"笔记,本地优先,双链,知识管理",Obsidian 是一个本地优先的笔记工具，适合想长期管理知识和 Markdown 文件的用户。,这是一个待实测的笔记工具条目。它适合重视本地文件和双链笔记的人，但插件、同步和结构设计可能劝退小白。,知识库；Markdown 笔记；双链整理；长期资料沉淀,知识管理用户；学生；写作者；研究型用户,只想开箱即用模板化管理的人可能不适合,待核验,入门,待核验,Notion；Logseq；Apple Notes,待实测后补充真实优点,待实测后补充真实缺点,使用前需确认是否会上传文本、图片、文件、代码或个人数据；敏感内容不建议直接提交给第三方服务。,涉及图片、视频、音乐、模板、字体或生成内容时，商用前必须核验授权条款。,待人工核验官网与文档,待实测,待补充真实测试场景,待实测后补充,待实测后补充,暂不下最终推荐结论,草稿,这是一个待实测的 Obsidian 工具条目，当前只完成基础信息整理，暂不做最终推荐。,你用过 Obsidian 吗？最劝退你的地方是什么？,"warm dark editorial website card illustration for Obsidian, abstract productivity tool scene, no real logo, no official brand imitation",首批种子工具草稿，禁止直接发布，需人工核验和真实测试后再进入 ready 状态
draft,Google Drive,google-drive,文档与效率,"云存储,协作,Google,待核验",Google Drive 是一个云存储和文件协作工具，适合保存、同步和分享文件。,这是一个待实测的云存储工具条目。它适合 Google 生态用户，但容量、访问稳定性和隐私设置需要人工核验。,文件存储；文档协作；共享链接；云端备份,办公用户；学生；团队；Google 用户,对访问稳定性要求很高的特定地区用户,待核验,零基础,待核验,Dropbox；OneDrive；iCloud Drive,待实测后补充真实优点,待实测后补充真实缺点,使用前需确认是否会上传文本、图片、文件、代码或个人数据；敏感内容不建议直接提交给第三方服务。,涉及图片、视频、音乐、模板、字体或生成内容时，商用前必须核验授权条款。,待人工核验官网与文档,待实测,待补充真实测试场景,待实测后补充,待实测后补充,暂不下最终推荐结论,草稿,这是一个待实测的 Google Drive 工具条目，当前只完成基础信息整理，暂不做最终推荐。,你用过 Google Drive 吗？最劝退你的地方是什么？,"warm dark editorial website card illustration for Google Drive, abstract productivity tool scene, no real logo, no official brand imitation",首批种子工具草稿，禁止直接发布，需人工核验和真实测试后再进入 ready 状态
draft,Dropbox,dropbox,文档与效率,"云存储,文件同步,协作,待核验",Dropbox 是一个文件同步和云存储工具，适合多设备同步和团队共享文件。,这是一个待实测的云存储工具条目。它适合文件同步，但价格、空间和国内访问稳定性需要人工核验。,文件同步；团队共享；备份；跨设备协作,办公用户；团队；多设备用户,只需要轻量免费存储的人可能要对比其它方案,待核验,零基础,待核验,Google Drive；OneDrive；iCloud Drive,待实测后补充真实优点,待实测后补充真实缺点,使用前需确认是否会上传文本、图片、文件、代码或个人数据；敏感内容不建议直接提交给第三方服务。,涉及图片、视频、音乐、模板、字体或生成内容时，商用前必须核验授权条款。,待人工核验官网与文档,待实测,待补充真实测试场景,待实测后补充,待实测后补充,暂不下最终推荐结论,草稿,这是一个待实测的 Dropbox 工具条目，当前只完成基础信息整理，暂不做最终推荐。,你用过 Dropbox 吗？最劝退你的地方是什么？,"warm dark editorial website card illustration for Dropbox, abstract productivity tool scene, no real logo, no official brand imitation",首批种子工具草稿，禁止直接发布，需人工核验和真实测试后再进入 ready 状态
draft,Todoist,todoist,文档与效率,"待办清单,效率工具,任务管理,待核验",Todoist 是一个待办事项管理工具，适合用来整理任务、计划和提醒。,这是一个待实测的任务管理工具条目。它适合清单管理和周期任务，但高级功能、提醒限制和团队功能需要人工核验。,待办清单；任务管理；周期提醒；个人计划,办公用户；学生；自由职业者,不愿意持续维护任务清单的人,待核验,零基础,待核验,TickTick；Microsoft To Do；Notion,待实测后补充真实优点,待实测后补充真实缺点,使用前需确认是否会上传文本、图片、文件、代码或个人数据；敏感内容不建议直接提交给第三方服务。,涉及图片、视频、音乐、模板、字体或生成内容时，商用前必须核验授权条款。,待人工核验官网与文档,待实测,待补充真实测试场景,待实测后补充,待实测后补充,暂不下最终推荐结论,草稿,这是一个待实测的 Todoist 工具条目，当前只完成基础信息整理，暂不做最终推荐。,你用过 Todoist 吗？最劝退你的地方是什么？,"warm dark editorial website card illustration for Todoist, abstract productivity tool scene, no real logo, no official brand imitation",首批种子工具草稿，禁止直接发布，需人工核验和真实测试后再进入 ready 状态
draft,CapCut,capcut,视频与创作,"视频剪辑,短视频,模板,小白友好",CapCut 是一个视频剪辑工具，适合短视频创作者快速剪辑和套用模板。,这是一个待实测的视频工具条目。它适合短视频剪辑，但模板版权、导出限制和付费功能需要人工核验。,短视频剪辑；字幕；模板视频；社媒内容制作,自媒体；短视频创作者；剪辑新手,需要电影级专业调色和复杂流程的人,待核验,零基础,待核验,DaVinci Resolve；剪映；Premiere Pro,待实测后补充真实优点,待实测后补充真实缺点,使用前需确认是否会上传文本、图片、文件、代码或个人数据；敏感内容不建议直接提交给第三方服务。,涉及图片、视频、音乐、模板、字体或生成内容时，商用前必须核验授权条款。,待人工核验官网与文档,待实测,待补充真实测试场景,待实测后补充,待实测后补充,暂不下最终推荐结论,草稿,这是一个待实测的 CapCut 工具条目，当前只完成基础信息整理，暂不做最终推荐。,你用过 CapCut 吗？最劝退你的地方是什么？,"warm dark editorial website card illustration for CapCut, abstract productivity tool scene, no real logo, no official brand imitation",首批种子工具草稿，禁止直接发布，需人工核验和真实测试后再进入 ready 状态
draft,DaVinci Resolve,davinci-resolve,视频与创作,"视频剪辑,调色,专业工具,待核验",DaVinci Resolve 是一个偏专业的视频剪辑和调色工具，适合进阶视频创作者。,这是一个待实测的视频工具条目。它适合专业剪辑和调色，但学习成本、硬件要求和版本差异需要人工核验。,视频剪辑；调色；音频处理；后期制作,视频创作者；剪辑师；影视后期学习者,只想快速做短视频模板的小白,待核验,进阶,待核验,CapCut；Premiere Pro；Final Cut Pro,待实测后补充真实优点,待实测后补充真实缺点,使用前需确认是否会上传文本、图片、文件、代码或个人数据；敏感内容不建议直接提交给第三方服务。,涉及图片、视频、音乐、模板、字体或生成内容时，商用前必须核验授权条款。,待人工核验官网与文档,待实测,待补充真实测试场景,待实测后补充,待实测后补充,暂不下最终推荐结论,草稿,这是一个待实测的 DaVinci Resolve 工具条目，当前只完成基础信息整理，暂不做最终推荐。,你用过 DaVinci Resolve 吗？最劝退你的地方是什么？,"warm dark editorial website card illustration for DaVinci Resolve, abstract productivity tool scene, no real logo, no official brand imitation",首批种子工具草稿，禁止直接发布，需人工核验和真实测试后再进入 ready 状态
draft,FFmpeg,ffmpeg,视频与创作,"命令行,视频处理,开源,开发者",FFmpeg 是一个命令行音视频处理工具，适合开发者和进阶用户批量处理媒体文件。,这是一个待实测的开源工具条目。它功能强但门槛高，适合转换、压缩和自动化处理视频，命令风险需要人工核验。,视频转码；音频提取；批量压缩；自动化处理,开发者；视频进阶用户；自动化用户,完全不想碰命令行的小白,待核验,需要英文,待核验,HandBrake；DaVinci Resolve；CapCut,待实测后补充真实优点,待实测后补充真实缺点,使用前需确认是否会上传文本、图片、文件、代码或个人数据；敏感内容不建议直接提交给第三方服务。,涉及图片、视频、音乐、模板、字体或生成内容时，商用前必须核验授权条款。,待人工核验官网与文档,待实测,待补充真实测试场景,待实测后补充,待实测后补充,暂不下最终推荐结论,草稿,这是一个待实测的 FFmpeg 工具条目，当前只完成基础信息整理，暂不做最终推荐。,你用过 FFmpeg 吗？最劝退你的地方是什么？,"warm dark editorial website card illustration for FFmpeg, abstract productivity tool scene, no real logo, no official brand imitation",首批种子工具草稿，禁止直接发布，需人工核验和真实测试后再进入 ready 状态
draft,OBS Studio,obs-studio,视频与创作,"录屏,直播,开源,免费,待核验",OBS Studio 是一个录屏和直播工具，适合做屏幕录制、直播推流和课程录制。,这是一个待实测的开源工具条目。它适合录屏和直播，但音频、场景、推流参数对新手有一定门槛。,屏幕录制；直播推流；课程录制；多场景切换,主播；老师；教程创作者；开发者,只想一键录屏且不想配置参数的人,待核验,入门,待核验,Streamlabs；Loom；Camtasia,待实测后补充真实优点,待实测后补充真实缺点,使用前需确认是否会上传文本、图片、文件、代码或个人数据；敏感内容不建议直接提交给第三方服务。,涉及图片、视频、音乐、模板、字体或生成内容时，商用前必须核验授权条款。,待人工核验官网与文档,待实测,待补充真实测试场景,待实测后补充,待实测后补充,暂不下最终推荐结论,草稿,这是一个待实测的 OBS Studio 工具条目，当前只完成基础信息整理，暂不做最终推荐。,你用过 OBS Studio 吗？最劝退你的地方是什么？,"warm dark editorial website card illustration for OBS Studio, abstract productivity tool scene, no real logo, no official brand imitation",首批种子工具草稿，禁止直接发布，需人工核验和真实测试后再进入 ready 状态
draft,Audacity,audacity,视频与创作,"音频编辑,开源,免费,待核验",Audacity 是一个音频编辑工具，适合录音、剪辑和简单降噪处理。,这是一个待实测的音频工具条目。它适合播客和课程音频处理，但界面、插件和降噪效果需要人工实测。,录音剪辑；降噪；播客处理；音频格式导出,播客创作者；老师；视频创作者,需要复杂音乐制作和专业混音的人,待核验,入门,待核验,Adobe Audition；GarageBand；Ocenaudio,待实测后补充真实优点,待实测后补充真实缺点,使用前需确认是否会上传文本、图片、文件、代码或个人数据；敏感内容不建议直接提交给第三方服务。,涉及图片、视频、音乐、模板、字体或生成内容时，商用前必须核验授权条款。,待人工核验官网与文档,待实测,待补充真实测试场景,待实测后补充,待实测后补充,暂不下最终推荐结论,草稿,这是一个待实测的 Audacity 工具条目，当前只完成基础信息整理，暂不做最终推荐。,你用过 Audacity 吗？最劝退你的地方是什么？,"warm dark editorial website card illustration for Audacity, abstract productivity tool scene, no real logo, no official brand imitation",首批种子工具草稿，禁止直接发布，需人工核验和真实测试后再进入 ready 状态
draft,Docker,docker,开源与自托管,"容器,部署,开发者,需要英文",Docker 是一个容器化工具，适合开发者打包、运行和部署应用环境。,这是一个待实测的开发工具条目。它适合自托管和环境隔离，但镜像、网络、数据卷和权限对新手有门槛。,环境隔离；自托管部署；应用打包；本地开发,开发者；运维；自托管用户,完全没有命令行基础的小白,待核验,需要部署,待核验,Podman；Docker Compose；Kubernetes,待实测后补充真实优点,待实测后补充真实缺点,使用前需确认是否会上传文本、图片、文件、代码或个人数据；敏感内容不建议直接提交给第三方服务。,涉及图片、视频、音乐、模板、字体或生成内容时，商用前必须核验授权条款。,待人工核验官网与文档,待实测,待补充真实测试场景,待实测后补充,待实测后补充,暂不下最终推荐结论,草稿,这是一个待实测的 Docker 工具条目，当前只完成基础信息整理，暂不做最终推荐。,你用过 Docker 吗？最劝退你的地方是什么？,"warm dark editorial website card illustration for Docker, abstract productivity tool scene, no real logo, no official brand imitation",首批种子工具草稿，禁止直接发布，需人工核验和真实测试后再进入 ready 状态
draft,n8n,n8n,开源与自托管,"自动化,工作流,自托管,待核验",n8n 是一个自动化工作流工具，适合把不同服务连接起来处理重复任务。,这是一个待实测的自动化工具条目。它适合自动化流程和自托管，但节点配置、鉴权和部署成本需要人工核验。,自动化工作流；数据同步；消息通知；低代码集成,独立开发者；运营；自动化爱好者,不愿意处理 API 和鉴权配置的人,待核验,需要部署,待核验,Zapier；Make；Node-RED,待实测后补充真实优点,待实测后补充真实缺点,使用前需确认是否会上传文本、图片、文件、代码或个人数据；敏感内容不建议直接提交给第三方服务。,涉及图片、视频、音乐、模板、字体或生成内容时，商用前必须核验授权条款。,待人工核验官网与文档,待实测,待补充真实测试场景,待实测后补充,待实测后补充,暂不下最终推荐结论,草稿,这是一个待实测的 n8n 工具条目，当前只完成基础信息整理，暂不做最终推荐。,你用过 n8n 吗？最劝退你的地方是什么？,"warm dark editorial website card illustration for n8n, abstract productivity tool scene, no real logo, no official brand imitation",首批种子工具草稿，禁止直接发布，需人工核验和真实测试后再进入 ready 状态
draft,AppFlowy,appflowy,开源与自托管,"开源,笔记,项目管理,Notion 替代",AppFlowy 是一个偏 Notion 替代方向的开源效率工具，适合关注自托管和数据控制的用户。,这是一个待实测的开源工具条目。它适合想尝试开源效率工具的人，但功能成熟度、同步和部署体验需要人工核验。,文档管理；项目管理；开源替代；本地数据控制,开源爱好者；知识管理用户；自托管用户,需要成熟模板生态和稳定协作的人,待核验,入门,待核验,Notion；Obsidian；Anytype,待实测后补充真实优点,待实测后补充真实缺点,使用前需确认是否会上传文本、图片、文件、代码或个人数据；敏感内容不建议直接提交给第三方服务。,涉及图片、视频、音乐、模板、字体或生成内容时，商用前必须核验授权条款。,待人工核验官网与文档,待实测,待补充真实测试场景,待实测后补充,待实测后补充,暂不下最终推荐结论,草稿,这是一个待实测的 AppFlowy 工具条目，当前只完成基础信息整理，暂不做最终推荐。,你用过 AppFlowy 吗？最劝退你的地方是什么？,"warm dark editorial website card illustration for AppFlowy, abstract productivity tool scene, no real logo, no official brand imitation",首批种子工具草稿，禁止直接发布，需人工核验和真实测试后再进入 ready 状态
draft,Immich,immich,开源与自托管,"照片管理,自托管,开源,需要部署",Immich 是一个自托管照片管理工具，适合想自己管理照片备份和相册的用户。,这是一个待实测的自托管工具条目。它适合照片备份和家庭相册，但部署、存储、备份和隐私安全需要重点核验。,照片备份；家庭相册；自托管图库；移动端同步,自托管用户；摄影用户；家庭数据管理者,不愿意维护服务器和备份的人,待核验,需要部署,待核验,Google Photos；Nextcloud Photos；PhotoPrism,待实测后补充真实优点,待实测后补充真实缺点,使用前需确认是否会上传文本、图片、文件、代码或个人数据；敏感内容不建议直接提交给第三方服务。,涉及图片、视频、音乐、模板、字体或生成内容时，商用前必须核验授权条款。,待人工核验官网与文档,待实测,待补充真实测试场景,待实测后补充,待实测后补充,暂不下最终推荐结论,草稿,这是一个待实测的 Immich 工具条目，当前只完成基础信息整理，暂不做最终推荐。,你用过 Immich 吗？最劝退你的地方是什么？,"warm dark editorial website card illustration for Immich, abstract productivity tool scene, no real logo, no official brand imitation",首批种子工具草稿，禁止直接发布，需人工核验和真实测试后再进入 ready 状态
draft,Nextcloud,nextcloud,开源与自托管,"自托管,云盘,协作,开源",Nextcloud 是一个自托管云盘和协作平台，适合想自己掌控文件与团队协作数据的用户。,这是一个待实测的自托管工具条目。它适合私有云盘和协作，但服务器维护、安全更新和插件兼容需要人工核验。,自托管云盘；文件共享；团队协作；数据备份,自托管用户；小团队；技术用户,不想维护服务器和安全更新的人,待核验,需要部署,待核验,Google Drive；Dropbox；Seafile,待实测后补充真实优点,待实测后补充真实缺点,使用前需确认是否会上传文本、图片、文件、代码或个人数据；敏感内容不建议直接提交给第三方服务。,涉及图片、视频、音乐、模板、字体或生成内容时，商用前必须核验授权条款。,待人工核验官网与文档,待实测,待补充真实测试场景,待实测后补充,待实测后补充,暂不下最终推荐结论,草稿,这是一个待实测的 Nextcloud 工具条目，当前只完成基础信息整理，暂不做最终推荐。,你用过 Nextcloud 吗？最劝退你的地方是什么？,"warm dark editorial website card illustration for Nextcloud, abstract productivity tool scene, no real logo, no official brand imitation",首批种子工具草稿，禁止直接发布，需人工核验和真实测试后再进入 ready 状态
